metric,n_god_full,n_norm_full,n_god_size,n_norm_size,auc_full,delta_full,auc_size,p_size,delta_size,ap_full,ap_size
seismic,187,1417,187,254,0.44162744972243073,-0.11674510055513833,0.5921301949555771,0.0009395229978598681,0.18426038991115415,0.0973239745022652,0.543824542035386
LCOM4,187,1416,187,253,0.4374225807426206,-0.12515483851475875,0.6870812284669526,1.1582648049568682e-11,0.37416245693390543,0.10313533561078633,0.5843289352109411
TCC,187,1416,187,253,0.43245264207377865,-0.13509471585244268,0.5359430153664053,0.1950522022189829,0.07188603073281055,0.0947614498937214,0.5037316643823581
C3,187,1416,187,253,0.34537297199311157,-0.30925405601377687,0.5639491872925958,0.0217811381038662,0.1278983745851916,0.08251927630093428,0.5384076313675676
LSCC,187,1416,187,253,0.42451055923139674,-0.15097888153720657,0.530690537084399,0.26854890028510403,0.061381074168797956,0.0934250986660145,0.4968441255719186
LDA_CS,187,1416,187,253,0.4653161726940391,-0.0693676546119218,0.4257255183783898,0.007707867153985546,-0.1485489632432204,0.0996801602464696,0.4506192848647743
C3_FULL,187,1416,187,253,0.3484168706003203,-0.3031662587993595,0.5670034452875652,0.016229268972468763,0.13400689057513052,0.08282374594311108,0.5291647095663207
WSS,187,1416,187,253,0.3813030605154234,-0.23739387896915315,0.6791549533935025,1.294855357319987e-10,0.35830990678700514,0.08714289563386542,0.6377694684013904
